{
    "anchor4": {
        "y_min": 0.0,
        "x_max": 97.93734214879441,
        "x_mid": 48.96867107439721,
        "x_min": 0.0,
        "y_max": 183.1075260071554,
        "y_mid": 91.5537630035777
    },
    "anchor2": {
        "y_min": 0.0,
        "x_max": 86.10884942760944,
        "x_mid": 43.05442471380472,
        "x_min": 0.0,
        "y_max": 152.31340466826674,
        "y_mid": 76.15670233413337
    },
    "anchor1": {
        "y_min": 0.0,
        "x_max": 103.84109166310536,
        "x_mid": 51.92054583155268,
        "x_min": 0.0,
        "y_max": 181.2919361683665,
        "y_mid": 90.64596808418325
    },
    "anchor5": {
        "y_min": 0.0,
        "x_max": 72.18399790457538,
        "x_mid": 36.09199895228769,
        "x_min": 0.0,
        "y_max": 133.72765184938834,
        "y_mid": 66.86382592469417
    },
    "anchor3": {
        "y_min": 0.0,
        "x_max": 107.86507634768563,
        "x_mid": 53.932538173842815,
        "x_min": 0.0,
        "y_max": 184.26897990453412,
        "y_mid": 92.13448995226706
    }
}
